PRICE,CITY_1,CITY_2,CITY_3
196.5,{name:GRR},{name:ORD},{name:MSN}
230.25,{name:MSN},{name:ORD},{name:IND}
252.0,{name:GRR},{name:ORD},{name:IND}
263.25,{name:AUS},{name:IAH},{name:SAT}
296.25,{name:MSN},{name:ORD},{name:CVG}
311.25,{name:CRP},{name:IAH},{name:SAT}
318.0,{name:GRR},{name:ORD},{name:CVG}
321.0,{name:MSN},{name:ORD},{name:CMH}
329.25,{name:DFW},{name:IAH},{name:SAT}
342.75,{name:GRR},{name:ORD},{name:CMH}
349.5,{name:MSN},{name:ORD},{name:MSP}
353.25,{name:LAS},{name:LAX},{name:FAT}
371.25,{name:GRR},{name:ORD},{name:MSP}
378.75,{name:ORD},{name:MSP},{name:DLH}
401.25,{name:MFE},{name:IAH},{name:SAT}
409.5,{name:MSN},{name:ORD},{name:BNA}
411.75,{name:PIT},{name:ORD},{name:MSN}
414.75,{name:OMA},{name:ORD},{name:MSN}
418.5,{name:ORD},{name:MSP},{name:FSD}
431.25,{name:GRR},{name:ORD},{name:BNA}
432.0,{name:FAT},{name:LAX},{name:SFO}
435.0,{name:SGF},{name:ORD},{name:MSN}
447.0,{name:RNO},{name:SFO},{name:SNA}
450.75,{name:AZO},{name:DTW},{name:BNA}
453.0,{name:LAS},{name:LAX},{name:SFO}
461.25,{name:SMF},{name:LAX},{name:FAT}
467.25,{name:PIT},{name:ORD},{name:IND}
470.25,{name:OMA},{name:ORD},{name:IND}
488.25,{name:TUL},{name:IAH},{name:SAT}
490.5,{name:SGF},{name:ORD},{name:IND}
501.0,{name:ROC},{name:ORD},{name:MSN}
504.0,{name:MSN},{name:ORD},{name:ROC}
505.5,{name:RNO},{name:SFO},{name:SAN}
520.5,{name:TUS},{name:LAX},{name:FAT}
522.0,{name:FAT},{name:LAX},{name:TUS}
525.75,{name:GRR},{name:ORD},{name:ROC}
527.25,{name:FAR},{name:ORD},{name:MSN}
533.25,{name:PIT},{name:ORD},{name:CVG}
536.25,{name:OMA},{name:ORD},{name:CVG}
543.0,{name:LAS},{name:LAX},{name:TUS}
548.25,{name:IAD},{name:ORD},{name:MSN}
551.25,{name:MSN},{name:ORD},{name:IAD}
554.25,{name:AUS},{name:IAH},{name:BHM}
556.5,{name:SGF},{name:ORD},{name:CVG}
556.5,{name:ROC},{name:ORD},{name:IND}
558.0,{name:PIT},{name:ORD},{name:CMH}
558.75,{name:MSN},{name:ORD},{name:CLT}
561.0,{name:LAX},{name:SFO},{name:SNA}
561.0,{name:SMF},{name:LAX},{name:SFO}
561.0,{name:OMA},{name:ORD},{name:CMH}
563.25,{name:DAY},{name:MSP},{name:DLH}
563.25,{name:MSN},{name:ORD},{name:ATL}
570.0,{name:MSN},{name:ORD},{name:DCA}
573.0,{name:GRR},{name:ORD},{name:IAD}
574.5,{name:BWI},{name:ORD},{name:MSN}
580.5,{name:GRR},{name:ORD},{name:CLT}
581.25,{name:SGF},{name:ORD},{name:CMH}
582.75,{name:FAR},{name:ORD},{name:IND}
583.5,{name:RNO},{name:SFO},{name:PDX}
585.0,{name:GRR},{name:ORD},{name:ATL}
586.5,{name:PIT},{name:ORD},{name:MSP}
589.5,{name:OMA},{name:ORD},{name:MSP}
591.75,{name:GRR},{name:ORD},{name:DCA}
592.5,{name:MSN},{name:ORD},{name:RIC}
602.25,{name:CRP},{name:IAH},{name:BHM}
603.0,{name:DAY},{name:MSP},{name:FSD}
603.75,{name:IAD},{name:ORD},{name:IND}
609.75,{name:SGF},{name:ORD},{name:MSP}
614.25,{name:GRR},{name:ORD},{name:RIC}
614.25,{name:ORD},{name:MSP},{name:MOT}
619.5,{name:LAX},{name:SFO},{name:SAN}
620.25,{name:TUS},{name:LAX},{name:SFO}
620.25,{name:DFW},{name:IAH},{name:BHM}
622.5,{name:ROC},{name:ORD},{name:CVG}
625.5,{name:PSP},{name:SFO},{name:SNA}
630.0,{name:FAT},{name:LAX},{name:SLC}
630.0,{name:BWI},{name:ORD},{name:IND}
646.5,{name:PIT},{name:ORD},{name:BNA}
647.25,{name:ROC},{name:ORD},{name:CMH}
648.75,{name:FAR},{name:ORD},{name:CVG}
648.75,{name:EWR},{name:ORD},{name:MSN}
649.5,{name:OMA},{name:ORD},{name:BNA}
651.0,{name:SMF},{name:LAX},{name:TUS}
651.0,{name:LAS},{name:LAX},{name:SLC}
651.75,{name:ORF},{name:ORD},{name:MSN}
652.5,{name:DEN},{name:MSP},{name:DLH}
654.0,{name:MSN},{name:ORD},{name:EWR}
660.75,{name:LGA},{name:ORD},{name:MSN}
666.75,{name:MSN},{name:ORD},{name:LGA}
669.75,{name:SGF},{name:ORD},{name:BNA}
669.75,{name:IAD},{name:ORD},{name:CVG}
673.5,{name:FAR},{name:ORD},{name:CMH}
675.75,{name:ROC},{name:ORD},{name:MSP}
675.75,{name:GRR},{name:ORD},{name:EWR}
677.25,{name:DEN},{name:LAS},{name:LAX}
681.0,{name:DEN},{name:DFW},{name:IAH}
684.0,{name:PSP},{name:SFO},{name:SAN}
688.5,{name:GRR},{name:ORD},{name:LGA}
692.25,{name:MFE},{name:IAH},{name:BHM}
692.25,{name:DEN},{name:MSP},{name:FSD}
694.5,{name:ABQ},{name:LAX},{name:FAT}
694.5,{name:IAD},{name:ORD},{name:CMH}
696.0,{name:BWI},{name:ORD},{name:CVG}
697.5,{name:LAX},{name:SFO},{name:PDX}
698.25,{name:FAT},{name:LAX},{name:ABQ}
698.25,{name:BDL},{name:ORD},{name:MSN}
702.0,{name:FAR},{name:ORD},{name:MSP}
704.25,{name:EWR},{name:ORD},{name:IND}
707.25,{name:ORF},{name:ORD},{name:IND}
715.5,{name:ORD},{name:ATL},{name:MOB}
716.25,{name:LGA},{name:ORD},{name:IND}
719.25,{name:LAS},{name:LAX},{name:ABQ}
720.75,{name:BWI},{name:ORD},{name:CMH}
723.0,{name:IAD},{name:ORD},{name:MSP}
726.0,{name:PDX},{name:SFO},{name:SNA}
735.75,{name:ROC},{name:ORD},{name:BNA}
741.0,{name:PIT},{name:ORD},{name:ROC}
744.0,{name:MSY},{name:ORD},{name:MSN}
744.0,{name:OMA},{name:ORD},{name:ROC}
747.75,{name:OKC},{name:DEN},{name:BIL}
749.25,{name:BWI},{name:ORD},{name:MSP}
753.75,{name:BDL},{name:ORD},{name:IND}
759.0,{name:SMF},{name:LAX},{name:SLC}
762.0,{name:PSP},{name:SFO},{name:PDX}
762.0,{name:FAR},{name:ORD},{name:BNA}
764.25,{name:SGF},{name:ORD},{name:ROC}
764.25,{name:BOS},{name:ORD},{name:MSN}
770.25,{name:BZN},{name:DEN},{name:BIL}
770.25,{name:EWR},{name:ORD},{name:CVG}
773.25,{name:ORF},{name:ORD},{name:CVG}
777.0,{name:MSN},{name:ORD},{name:DEN}
779.25,{name:TUL},{name:IAH},{name:BHM}
782.25,{name:LGA},{name:ORD},{name:CVG}
783.0,{name:IAD},{name:ORD},{name:BNA}
784.5,{name:PDX},{name:SFO},{name:SAN}
788.25,{name:PIT},{name:ORD},{name:IAD}
788.25,{name:DEN},{name:ORD},{name:MSN}
791.25,{name:OMA},{name:ORD},{name:IAD}
792.75,{name:ORD},{name:IAD},{name:BOS}
794.25,{name:ABQ},{name:LAX},{name:SFO}
795.0,{name:EWR},{name:ORD},{name:CMH}
795.75,{name:PIT},{name:ORD},{name:CLT}
798.0,{name:ORF},{name:ORD},{name:CMH}
798.75,{name:GRR},{name:ORD},{name:DEN}
798.75,{name:DAY},{name:MSP},{name:MOT}
798.75,{name:OMA},{name:ORD},{name:CLT}
799.5,{name:MSY},{name:ORD},{name:IND}
799.5,{name:IAH},{name:PBI},{name:MIA}
800.25,{name:PIT},{name:ORD},{name:ATL}
803.25,{name:OMA},{name:ORD},{name:ATL}
807.0,{name:LGA},{name:ORD},{name:CMH}
807.0,{name:PIT},{name:ORD},{name:DCA}
807.75,{name:MSN},{name:ORD},{name:IAH}
809.25,{name:BWI},{name:ORD},{name:BNA}
810.0,{name:OMA},{name:ORD},{name:DCA}
811.5,{name:SGF},{name:ORD},{name:IAD}
817.5,{name:IAH},{name:ORD},{name:MSN}
818.25,{name:MCO},{name:IAH},{name:SAT}
818.25,{name:TUS},{name:LAX},{name:SLC}
819.0,{name:SGF},{name:ORD},{name:CLT}
819.75,{name:BDL},{name:ORD},{name:CVG}
819.75,{name:BOS},{name:ORD},{name:IND}
823.5,{name:SGF},{name:ORD},{name:ATL}
823.5,{name:EWR},{name:ORD},{name:MSP}
826.5,{name:ORF},{name:ORD},{name:MSP}
827.25,{name:SMF},{name:LAX},{name:ABQ}
829.5,{name:GRR},{name:ORD},{name:IAH}
829.5,{name:PIT},{name:ORD},{name:RIC}
830.25,{name:SGF},{name:ORD},{name:DCA}
832.5,{name:OMA},{name:ORD},{name:RIC}
835.5,{name:PHX},{name:DEN},{name:BIL}
835.5,{name:LGA},{name:ORD},{name:MSP}
840.75,{name:AUS},{name:IAH},{name:ORD}
843.75,{name:DEN},{name:ORD},{name:IND}
844.5,{name:BDL},{name:ORD},{name:CMH}
852.75,{name:SGF},{name:ORD},{name:RIC}
856.5,{name:FAR},{name:ORD},{name:ROC}
858.0,{name:OKC},{name:DEN},{name:PHX}
858.75,{name:AUS},{name:ORD},{name:MSN}
860.25,{name:AUS},{name:IAH},{name:PBI}
865.5,{name:MSY},{name:ORD},{name:CVG}
873.0,{name:IAH},{name:ORD},{name:IND}
873.0,{name:ORD},{name:IAH},{name:SAT}
873.0,{name:BDL},{name:ORD},{name:MSP}
876.0,{name:MSN},{name:ORD},{name:MCO}
877.5,{name:IAD},{name:ORD},{name:ROC}
877.5,{name:ROC},{name:ORD},{name:IAD}
879.0,{name:OKC},{name:DEN},{name:LAS}
879.75,{name:TPA},{name:ORD},{name:MSN}
880.5,{name:BZN},{name:DEN},{name:PHX}
883.5,{name:EWR},{name:ORD},{name:BNA}
884.25,{name:ABQ},{name:LAX},{name:TUS}
885.0,{name:ROC},{name:ORD},{name:CLT}
885.75,{name:BOS},{name:ORD},{name:CVG}
886.5,{name:ORF},{name:ORD},{name:BNA}
886.5,{name:TUS},{name:LAX},{name:ABQ}
888.0,{name:DEN},{name:MSP},{name:MOT}
888.75,{name:CRP},{name:IAH},{name:ORD}
889.5,{name:ROC},{name:ORD},{name:ATL}
890.25,{name:MSY},{name:ORD},{name:CMH}
891.0,{name:PIT},{name:ORD},{name:EWR}
891.75,{name:OKC},{name:DEN},{name:DFW}
894.0,{name:OMA},{name:ORD},{name:EWR}
895.5,{name:LGA},{name:ORD},{name:BNA}
896.25,{name:ROC},{name:ORD},{name:DCA}
897.75,{name:GRR},{name:ORD},{name:MCO}
901.5,{name:BZN},{name:DEN},{name:LAS}
903.75,{name:BWI},{name:ORD},{name:ROC}
903.75,{name:PIT},{name:ORD},{name:LGA}
903.75,{name:FAR},{name:ORD},{name:IAD}
904.5,{name:FLL},{name:IAH},{name:SAT}
906.75,{name:OMA},{name:ORD},{name:LGA}
906.75,{name:DFW},{name:IAH},{name:ORD}
908.25,{name:CRP},{name:IAH},{name:PBI}
909.75,{name:RNO},{name:SFO},{name:DEN}
909.75,{name:DEN},{name:ORD},{name:CVG}
910.5,{name:BOS},{name:ORD},{name:CMH}
911.25,{name:FAR},{name:ORD},{name:CLT}
914.25,{name:BZN},{name:DEN},{name:DFW}
914.25,{name:AUS},{name:ORD},{name:IND}
914.25,{name:SGF},{name:ORD},{name:EWR}
915.75,{name:FAR},{name:ORD},{name:ATL}
918.75,{name:ROC},{name:ORD},{name:RIC}
918.75,{name:MSY},{name:ORD},{name:MSP}
921.75,{name:ORD},{name:ATL},{name:SBN}
921.75,{name:MCO},{name:IAD},{name:BOS}
922.5,{name:FAR},{name:ORD},{name:DCA}
925.5,{name:OKC},{name:DEN},{name:MSP}
926.25,{name:DFW},{name:IAH},{name:PBI}
927.0,{name:SGF},{name:ORD},{name:LGA}
932.25,{name:IAD},{name:ORD},{name:CLT}
933.0,{name:BDL},{name:ORD},{name:BNA}
934.5,{name:DEN},{name:ORD},{name:CMH}
935.25,{name:TPA},{name:ORD},{name:IND}
936.75,{name:IAD},{name:ORD},{name:ATL}
939.0,{name:BOS},{name:ORD},{name:MSP}
939.0,{name:IAH},{name:ORD},{name:CVG}
943.5,{name:IAD},{name:ORD},{name:DCA}
945.0,{name:FAR},{name:ORD},{name:RIC}
948.0,{name:BZN},{name:DEN},{name:MSP}
951.0,{name:BWI},{name:ORD},{name:IAD}
958.5,{name:BWI},{name:ORD},{name:CLT}
963.0,{name:BWI},{name:ORD},{name:ATL}
963.0,{name:DEN},{name:ORD},{name:MSP}
963.75,{name:IAH},{name:ORD},{name:CMH}
963.75,{name:RSW},{name:ORD},{name:MSN}
965.25,{name:TPA},{name:IAD},{name:BOS}
966.0,{name:IAD},{name:ORD},{name:RIC}
966.75,{name:PHX},{name:DEN},{name:LAS}
969.75,{name:BWI},{name:ORD},{name:DCA}
978.0,{name:EWR},{name:ORD},{name:ROC}
978.75,{name:MSY},{name:ORD},{name:BNA}
978.75,{name:MFE},{name:IAH},{name:ORD}
979.5,{name:PHX},{name:DEN},{name:DFW}
980.25,{name:AUS},{name:ORD},{name:CVG}
980.25,{name:ROC},{name:ORD},{name:EWR}
981.0,{name:ORF},{name:ORD},{name:ROC}
984.75,{name:PBI},{name:MIA},{name:ORD}
990.0,{name:LGA},{name:ORD},{name:ROC}
992.25,{name:BWI},{name:ORD},{name:RIC}
992.25,{name:IAH},{name:ORD},{name:MSP}
992.25,{name:ABQ},{name:LAX},{name:SLC}
993.0,{name:ROC},{name:ORD},{name:LGA}
998.25,{name:MFE},{name:IAH},{name:PBI}
999.0,{name:BOS},{name:ORD},{name:BNA}
1001.25,{name:TPA},{name:ORD},{name:CVG}
1003.5,{name:IAD},{name:BOS},{name:ORD}
1004.25,{name:DEN},{name:SMF},{name:LAX}
1005.0,{name:AUS},{name:ORD},{name:CMH}
1006.5,{name:FAR},{name:ORD},{name:EWR}
1013.25,{name:PHX},{name:DEN},{name:MSP}
1014.0,{name:PIT},{name:ORD},{name:DEN}
1017.0,{name:OMA},{name:ORD},{name:DEN}
1019.25,{name:FAR},{name:ORD},{name:LGA}
1019.25,{name:RSW},{name:ORD},{name:IND}
1022.25,{name:MIA},{name:ORD},{name:MSN}
1023.0,{name:DEN},{name:ORD},{name:BNA}
1023.75,{name:LAX},{name:SFO},{name:DEN}
1025.25,{name:EWR},{name:ORD},{name:IAD}
1026.0,{name:TPA},{name:ORD},{name:CMH}
1027.5,{name:IAD},{name:ORD},{name:EWR}
1027.5,{name:BDL},{name:ORD},{name:ROC}
1028.25,{name:ORF},{name:ORD},{name:IAD}
1032.75,{name:EWR},{name:ORD},{name:CLT}
1033.5,{name:AUS},{name:ORD},{name:MSP}
1035.75,{name:ORF},{name:ORD},{name:CLT}
1037.25,{name:LGA},{name:ORD},{name:IAD}
1037.25,{name:SGF},{name:ORD},{name:DEN}
1037.25,{name:EWR},{name:ORD},{name:ATL}
1040.25,{name:IAD},{name:ORD},{name:LGA}
1040.25,{name:MEM},{name:DEN},{name:BIL}
1040.25,{name:ORF},{name:ORD},{name:ATL}
1044.0,{name:EWR},{name:ORD},{name:DCA}
1044.0,{name:AUS},{name:IAH},{name:SLC}
1044.75,{name:LGA},{name:ORD},{name:CLT}
1044.75,{name:PIT},{name:ORD},{name:IAH}
1047.0,{name:ORF},{name:ORD},{name:DCA}
1047.75,{name:DEN},{name:SFO},{name:SNA}
1047.75,{name:AUS},{name:IAH},{name:IAD}
1047.75,{name:OMA},{name:ORD},{name:IAH}
1049.25,{name:LGA},{name:ORD},{name:ATL}
1050.0,{name:ORD},{name:DEN},{name:BIL}
1052.25,{name:IAH},{name:ORD},{name:BNA}
1053.75,{name:MCO},{name:IAD},{name:ORD}
1053.75,{name:BWI},{name:ORD},{name:EWR}
1053.75,{name:OKC},{name:DEN},{name:SAN}
1054.5,{name:TPA},{name:ORD},{name:MSP}
1056.0,{name:LGA},{name:ORD},{name:DCA}
1065.75,{name:TUL},{name:IAH},{name:ORD}
1066.5,{name:BWI},{name:ORD},{name:LGA}
1066.5,{name:EWR},{name:ORD},{name:RIC}
1068.0,{name:SGF},{name:ORD},{name:IAH}
1069.5,{name:ORF},{name:ORD},{name:RIC}
1073.25,{name:MSY},{name:ORD},{name:ROC}
1074.75,{name:BDL},{name:ORD},{name:IAD}
1076.25,{name:BZN},{name:DEN},{name:SAN}
1077.75,{name:MIA},{name:ORD},{name:IND}
1078.5,{name:LGA},{name:ORD},{name:RIC}
1082.25,{name:BDL},{name:ORD},{name:CLT}
1085.25,{name:RSW},{name:ORD},{name:CVG}
1085.25,{name:TUL},{name:IAH},{name:PBI}
1086.0,{name:ORF},{name:IAH},{name:SAT}
1086.75,{name:BDL},{name:ORD},{name:ATL}
1088.25,{name:PSP},{name:SFO},{name:DEN}
1088.25,{name:OKC},{name:DEN},{name:ORD}
1092.0,{name:CRP},{name:IAH},{name:SLC}
1093.5,{name:BDL},{name:ORD},{name:DCA}
1093.5,{name:AUS},{name:ORD},{name:BNA}
1093.5,{name:BOS},{name:ORD},{name:ROC}
1095.75,{name:CRP},{name:IAH},{name:IAD}
1097.25,{name:TPA},{name:IAD},{name:ORD}
1098.0,{name:OKC},{name:DEN},{name:SMF}
1102.5,{name:SJC},{name:DEN},{name:BIL}
1103.25,{name:ROC},{name:ORD},{name:DEN}
1106.25,{name:DEN},{name:SFO},{name:SAN}
1109.25,{name:MCO},{name:IAH},{name:BHM}
1110.0,{name:DFW},{name:IAH},{name:SLC}
1110.0,{name:RSW},{name:ORD},{name:CMH}
1110.75,{name:BZN},{name:DEN},{name:ORD}
1113.0,{name:PIT},{name:ORD},{name:MCO}
1113.75,{name:DFW},{name:IAH},{name:IAD}
1114.5,{name:TPA},{name:ORD},{name:BNA}
1115.25,{name:BWI},{name:IAH},{name:SAT}
1116.0,{name:OMA},{name:ORD},{name:MCO}
1116.0,{name:BDL},{name:ORD},{name:RIC}
1116.75,{name:SFO},{name:DEN},{name:BIL}
1117.5,{name:DEN},{name:ORD},{name:ROC}
1120.5,{name:MSY},{name:ORD},{name:IAD}
1120.5,{name:BZN},{name:DEN},{name:SMF}
1128.0,{name:MSY},{name:ORD},{name:CLT}
1129.5,{name:OKC},{name:DEN},{name:SJC}
1129.5,{name:FAR},{name:ORD},{name:DEN}
1131.0,{name:ORF},{name:ORD},{name:EWR}
1132.5,{name:ORD},{name:CMH},{name:DEN}
1132.5,{name:MSY},{name:ORD},{name:ATL}
1134.0,{name:ROC},{name:ORD},{name:IAH}
1136.25,{name:SGF},{name:ORD},{name:MCO}
1138.5,{name:RSW},{name:ORD},{name:MSP}
1139.25,{name:MSY},{name:ORD},{name:DCA}
1140.0,{name:LGA},{name:ORD},{name:EWR}
1140.75,{name:EWR},{name:ORD},{name:LGA}
1140.75,{name:BOS},{name:ORD},{name:IAD}
1141.5,{name:OKC},{name:DEN},{name:SFO}
1141.5,{name:PHX},{name:DEN},{name:SAN}
1143.75,{name:MIA},{name:ORD},{name:CVG}
1143.75,{name:ORF},{name:ORD},{name:LGA}
1146.75,{name:IAH},{name:ORD},{name:ROC}
1148.25,{name:BOS},{name:ORD},{name:CLT}
1150.5,{name:MEM},{name:DEN},{name:PHX}
1150.5,{name:IAD},{name:ORD},{name:DEN}
1152.0,{name:BZN},{name:DEN},{name:SJC}
1152.75,{name:BOS},{name:ORD},{name:ATL}
1158.75,{name:AUS},{name:IAH},{name:SNA}
1159.5,{name:BOS},{name:ORD},{name:DCA}
1160.25,{name:ORD},{name:DEN},{name:PHX}
1160.25,{name:SEA},{name:DEN},{name:BIL}
1160.25,{name:FAR},{name:ORD},{name:IAH}
1161.75,{name:MSY},{name:ORD},{name:RIC}
1164.0,{name:BZN},{name:DEN},{name:SFO}
1164.0,{name:ORD},{name:IAH},{name:BHM}
1164.75,{name:DEN},{name:ORD},{name:IAD}
1168.5,{name:MIA},{name:ORD},{name:CMH}
1171.5,{name:MEM},{name:DEN},{name:LAS}
1172.25,{name:DEN},{name:ORD},{name:CLT}
1176.0,{name:PHX},{name:DEN},{name:ORD}
1176.75,{name:BWI},{name:ORD},{name:DEN}
1176.75,{name:DEN},{name:ORD},{name:ATL}
1177.5,{name:BDL},{name:ORD},{name:EWR}
1181.25,{name:IAD},{name:ORD},{name:IAH}
1181.25,{name:ORD},{name:DEN},{name:LAS}
1182.0,{name:MFE},{name:IAH},{name:SLC}
1182.0,{name:AUS},{name:IAH},{name:LAX}
1182.0,{name:BOS},{name:ORD},{name:RIC}
1183.5,{name:DEN},{name:ORD},{name:DCA}
1184.25,{name:DEN},{name:ATL},{name:MOB}
1184.25,{name:DEN},{name:SFO},{name:PDX}
1184.25,{name:MEM},{name:DEN},{name:DFW}
1185.75,{name:MFE},{name:IAH},{name:IAD}
1185.75,{name:PHX},{name:DEN},{name:SMF}
1188.0,{name:AUS},{name:ORD},{name:ROC}
1188.75,{name:PDX},{name:SFO},{name:DEN}
1190.25,{name:BDL},{name:ORD},{name:LGA}
1191.75,{name:OKC},{name:DEN},{name:SEA}
1194.0,{name:IAH},{name:ORD},{name:IAD}
1194.0,{name:ORD},{name:DEN},{name:DFW}
1195.5,{name:FLL},{name:IAH},{name:BHM}
1197.0,{name:MIA},{name:ORD},{name:MSP}
1198.5,{name:RSW},{name:ORD},{name:BNA}
1201.5,{name:IAH},{name:ORD},{name:CLT}
1202.25,{name:ROC},{name:ORD},{name:MCO}
1206.0,{name:IAH},{name:ORD},{name:ATL}
1206.0,{name:DEN},{name:ORD},{name:RIC}
1206.75,{name:MSN},{name:ORD},{name:PHX}
1206.75,{name:CRP},{name:IAH},{name:SNA}
1207.5,{name:BWI},{name:ORD},{name:IAH}
1209.0,{name:TPA},{name:ORD},{name:ROC}
1212.75,{name:IAH},{name:ORD},{name:DCA}
1212.75,{name:SJC},{name:DEN},{name:PHX}
1212.75,{name:AUS},{name:IAH},{name:EWR}
1214.25,{name:BZN},{name:DEN},{name:SEA}
1217.25,{name:PHX},{name:DEN},{name:SJC}
1218.0,{name:MEM},{name:DEN},{name:MSP}
1223.25,{name:MSY},{name:ORD},{name:EWR}
1224.75,{name:DFW},{name:IAH},{name:SNA}
1227.0,{name:SFO},{name:DEN},{name:PHX}
1227.75,{name:ORD},{name:DEN},{name:MSP}
1228.5,{name:FAR},{name:ORD},{name:MCO}
1228.5,{name:GRR},{name:ORD},{name:PHX}
1229.25,{name:PHX},{name:DEN},{name:SFO}
1230.0,{name:CRP},{name:IAH},{name:LAX}
1233.75,{name:SJC},{name:DEN},{name:LAS}
1235.25,{name:IAH},{name:ORD},{name:RIC}
1235.25,{name:AUS},{name:ORD},{name:IAD}
1236.0,{name:MSY},{name:ORD},{name:LGA}
1236.75,{name:IAH},{name:LAX},{name:FAT}
1240.5,{name:EWR},{name:IAH},{name:SAT}
1242.75,{name:AUS},{name:ORD},{name:CLT}
1243.5,{name:BOS},{name:ORD},{name:EWR}
1246.5,{name:SJC},{name:DEN},{name:DFW}
1247.25,{name:AUS},{name:ORD},{name:ATL}
1248.0,{name:SFO},{name:DEN},{name:LAS}
1248.0,{name:DFW},{name:IAH},{name:LAX}
1249.5,{name:IAD},{name:ORD},{name:MCO}
1251.0,{name:EWR},{name:ORD},{name:DEN}
1254.0,{name:AUS},{name:ORD},{name:DCA}
1254.0,{name:ORF},{name:ORD},{name:DEN}
1254.75,{name:LGA},{name:IAH},{name:SAT}
1256.25,{name:TPA},{name:ORD},{name:IAD}
1256.25,{name:BOS},{name:ORD},{name:LGA}
1257.0,{name:MIA},{name:ORD},{name:BNA}
1257.0,{name:CMH},{name:DEN},{name:BIL}
1260.75,{name:SFO},{name:DEN},{name:DFW}
1260.75,{name:CRP},{name:IAH},{name:EWR}
1263.0,{name:LGA},{name:ORD},{name:DEN}
1263.75,{name:TPA},{name:ORD},{name:CLT}
1263.75,{name:IAH},{name:IAD},{name:BOS}
1267.5,{name:DEN},{name:ORD},{name:EWR}
1268.25,{name:TPA},{name:ORD},{name:ATL}
1269.0,{name:TUL},{name:IAH},{name:SLC}
1270.5,{name:SEA},{name:DEN},{name:PHX}
1272.75,{name:TUL},{name:IAH},{name:IAD}
1275.0,{name:TPA},{name:ORD},{name:DCA}
1275.75,{name:BWI},{name:ORD},{name:MCO}
1276.5,{name:AUS},{name:ORD},{name:RIC}
1277.25,{name:LAS},{name:ORD},{name:MSN}
1278.75,{name:DFW},{name:IAH},{name:EWR}
1279.5,{name:PHX},{name:DEN},{name:SEA}
1280.25,{name:SJC},{name:DEN},{name:MSP}
1280.25,{name:DEN},{name:ORD},{name:LGA}
1281.75,{name:EWR},{name:ORD},{name:IAH}
1284.75,{name:ORF},{name:ORD},{name:IAH}
1291.5,{name:SEA},{name:DEN},{name:LAS}
1293.0,{name:RSW},{name:ORD},{name:ROC}
1293.75,{name:LGA},{name:ORD},{name:IAH}
1294.5,{name:SFO},{name:DEN},{name:MSP}
1296.75,{name:MFE},{name:IAH},{name:SNA}
1296.75,{name:IAH},{name:ORD},{name:EWR}
1297.5,{name:TPA},{name:ORD},{name:RIC}
1300.5,{name:BDL},{name:ORD},{name:DEN}
1302.0,{name:ORD},{name:EWR},{name:MCO}
1302.75,{name:RNO},{name:SFO},{name:DFW}
1304.25,{name:SEA},{name:DEN},{name:DFW}
1309.5,{name:IAH},{name:ORD},{name:LGA}
1320.0,{name:MFE},{name:IAH},{name:LAX}
1327.5,{name:RNO},{name:SFO},{name:MCI}
1328.25,{name:SFO},{name:DFW},{name:IAH}
1328.25,{name:EWR},{name:MCO},{name:IAD}
1331.25,{name:BDL},{name:ORD},{name:IAH}
1332.75,{name:LAS},{name:ORD},{name:IND}
1334.25,{name:OKC},{name:DEN},{name:ATL}
1335.0,{name:DEN},{name:PHX},{name:SEA}
1336.5,{name:IAH},{name:LAX},{name:SFO}
1338.0,{name:AUS},{name:ORD},{name:EWR}
1338.0,{name:SEA},{name:DEN},{name:MSP}
1340.25,{name:RSW},{name:ORD},{name:IAD}
1342.5,{name:SEA},{name:PHX},{name:DEN}
1346.25,{name:MSY},{name:ORD},{name:DEN}
1346.25,{name:MEM},{name:DEN},{name:SAN}
1347.75,{name:RSW},{name:ORD},{name:CLT}
1350.0,{name:EWR},{name:ORD},{name:MCO}
1350.75,{name:AUS},{name:ORD},{name:LGA}
1350.75,{name:MFE},{name:IAH},{name:EWR}
1351.5,{name:MIA},{name:ORD},{name:ROC}
1352.25,{name:RSW},{name:ORD},{name:ATL}
1353.0,{name:ORF},{name:ORD},{name:MCO}
1356.0,{name:ORD},{name:DEN},{name:SAN}
1356.75,{name:BZN},{name:DEN},{name:ATL}
1359.0,{name:TPA},{name:ORD},{name:EWR}
1359.0,{name:RSW},{name:ORD},{name:DCA}
1362.0,{name:LGA},{name:ORD},{name:MCO}
1366.5,{name:BOS},{name:ORD},{name:DEN}
1367.25,{name:CMH},{name:DEN},{name:PHX}
1368.0,{name:AUS},{name:IAH},{name:BOS}
1371.75,{name:TPA},{name:ORD},{name:LGA}
1377.0,{name:ORF},{name:IAH},{name:BHM}
1377.0,{name:MSY},{name:ORD},{name:IAH}
1380.75,{name:MEM},{name:DEN},{name:ORD}
1381.5,{name:RSW},{name:ORD},{name:RIC}
1383.0,{name:AUS},{name:IAH},{name:SFO}
1383.75,{name:TUL},{name:IAH},{name:SNA}
1383.75,{name:ORD},{name:MCO},{name:IAD}
1388.25,{name:CMH},{name:DEN},{name:LAS}
1390.5,{name:MEM},{name:DEN},{name:SMF}
1390.5,{name:DEN},{name:ATL},{name:SBN}
1395.75,{name:MCO},{name:IAH},{name:ORD}
1395.75,{name:IAH},{name:IAD},{name:ORD}
1397.25,{name:BOS},{name:ORD},{name:IAH}
1398.75,{name:MIA},{name:ORD},{name:IAD}
1398.75,{name:LAS},{name:ORD},{name:CVG}
1399.5,{name:BDL},{name:ORD},{name:MCO}
1400.25,{name:ORD},{name:DEN},{name:SMF}
1401.0,{name:CMH},{name:DEN},{name:DFW}
1401.0,{name:EWR},{name:MCO},{name:IAH}
1401.75,{name:ORD},{name:EWR},{name:FLL}
1406.25,{name:MIA},{name:ORD},{name:CLT}
1406.25,{name:BWI},{name:IAH},{name:BHM}
1407.0,{name:TUL},{name:IAH},{name:LAX}
1408.5,{name:SJC},{name:DEN},{name:SAN}
1410.75,{name:MIA},{name:ORD},{name:ATL}
1415.25,{name:MCO},{name:IAH},{name:PBI}
1416.0,{name:CRP},{name:IAH},{name:BOS}
1416.75,{name:LAX},{name:SFO},{name:DFW}
1417.5,{name:MIA},{name:ORD},{name:DCA}
1419.75,{name:IAH},{name:ORD},{name:DEN}
1421.25,{name:DEN},{name:ORD},{name:IAH}
1422.0,{name:MEM},{name:DEN},{name:SJC}
1422.0,{name:PHX},{name:DEN},{name:ATL}
1422.75,{name:SFO},{name:DEN},{name:SAN}
1423.5,{name:LAS},{name:ORD},{name:CMH}
1425.0,{name:MSN},{name:ORD},{name:SAN}
1426.5,{name:IAH},{name:LAX},{name:TUS}
1431.0,{name:CRP},{name:IAH},{name:SFO}
1431.0,{name:MSN},{name:ORD},{name:SEA}
1431.75,{name:ORD},{name:DEN},{name:SJC}
1434.0,{name:DFW},{name:IAH},{name:BOS}
1434.0,{name:MEM},{name:DEN},{name:SFO}
1434.75,{name:CMH},{name:DEN},{name:MSP}
1434.75,{name:SEA},{name:ORD},{name:MSN}
1435.5,{name:SFO},{name:IAH},{name:SAT}
1436.25,{name:RNO},{name:SFO},{name:IAH}
1437.75,{name:TUL},{name:IAH},{name:EWR}
1440.0,{name:MIA},{name:ORD},{name:RIC}
1441.5,{name:LAX},{name:SFO},{name:MCI}
1443.0,{name:SJC},{name:DEN},{name:ORD}
1443.0,{name:RSW},{name:ORD},{name:EWR}
1443.75,{name:ORD},{name:DEN},{name:SFO}
1443.75,{name:SNA},{name:ORD},{name:MSN}
1443.75,{name:MSN},{name:ORD},{name:PDX}
1443.75,{name:PIT},{name:ORD},{name:PHX}
1445.25,{name:MSY},{name:ORD},{name:MCO}
1446.75,{name:OMA},{name:ORD},{name:PHX}
1446.75,{name:GRR},{name:ORD},{name:SAN}
1448.25,{name:PDX},{name:ORD},{name:MSN}
1449.0,{name:DFW},{name:IAH},{name:SFO}
1452.0,{name:LAS},{name:ORD},{name:MSP}
1452.75,{name:SJC},{name:DEN},{name:SMF}
1452.75,{name:GRR},{name:ORD},{name:SEA}
1454.25,{name:LAX},{name:ORD},{name:MSN}
1455.75,{name:RSW},{name:ORD},{name:LGA}
1456.5,{name:ORD},{name:MCO},{name:IAH}
1457.25,{name:SFO},{name:DEN},{name:ORD}
1461.0,{name:AUS},{name:ORD},{name:DEN}
1465.5,{name:GRR},{name:ORD},{name:PDX}
1465.5,{name:BOS},{name:ORD},{name:MCO}
1466.25,{name:SEA},{name:DEN},{name:SAN}
1467.0,{name:SFO},{name:DEN},{name:SMF}
1467.0,{name:SGF},{name:ORD},{name:PHX}
1470.0,{name:ORD},{name:IAH},{name:PBI}
1471.5,{name:DEN},{name:IAD},{name:BOS}
1480.5,{name:SMF},{name:ORD},{name:MSN}
1481.25,{name:PSP},{name:SFO},{name:DFW}
1482.0,{name:TPA},{name:ORD},{name:DEN}
1482.0,{name:FLL},{name:IAH},{name:ORD}
1484.25,{name:MEM},{name:DEN},{name:SEA}
1489.5,{name:DEN},{name:ORD},{name:MCO}
1490.25,{name:SEA},{name:ORD},{name:IND}
1491.75,{name:AUS},{name:ORD},{name:IAH}
1494.0,{name:ORD},{name:DEN},{name:SEA}
1496.25,{name:SJC},{name:DEN},{name:SFO}
1498.5,{name:SFO},{name:DEN},{name:SJC}
1499.25,{name:SNA},{name:ORD},{name:IND}
1500.75,{name:SEA},{name:DEN},{name:ORD}
1501.5,{name:MIA},{name:ORD},{name:EWR}
1501.5,{name:FLL},{name:IAH},{name:PBI}
1503.75,{name:PDX},{name:ORD},{name:IND}
1506.0,{name:PSP},{name:SFO},{name:MCI}
1506.0,{name:MFE},{name:IAH},{name:BOS}
1509.75,{name:LAX},{name:ORD},{name:IND}
1510.5,{name:SEA},{name:DEN},{name:SMF}
1512.0,{name:LAS},{name:ORD},{name:BNA}
1512.75,{name:TPA},{name:ORD},{name:IAH}
1514.25,{name:MIA},{name:ORD},{name:LGA}
1518.75,{name:IAH},{name:ORD},{name:MCO}
1521.0,{name:MFE},{name:IAH},{name:SFO}
1523.25,{name:MSN},{name:ORD},{name:SFO}
1531.5,{name:FAT},{name:LAX},{name:ORD}
1531.5,{name:EWR},{name:IAH},{name:BHM}
1532.25,{name:OKC},{name:DEN},{name:IAD}
1533.0,{name:ROC},{name:ORD},{name:PHX}
1533.75,{name:SFO},{name:ORD},{name:MSN}
1534.5,{name:IAH},{name:LAX},{name:SLC}
1536.0,{name:SMF},{name:ORD},{name:IND}
1542.0,{name:SEA},{name:DEN},{name:SJC}
1545.0,{name:GRR},{name:ORD},{name:SFO}
1545.75,{name:LGA},{name:IAH},{name:BHM}
1546.5,{name:SJC},{name:DEN},{name:SEA}
1550.25,{name:LAX},{name:SFO},{name:IAH}
1552.5,{name:LAS},{name:LAX},{name:ORD}
1554.0,{name:SEA},{name:DEN},{name:SFO}
1554.75,{name:BZN},{name:DEN},{name:IAD}
1556.25,{name:SEA},{name:ORD},{name:CVG}
1559.25,{name:FAR},{name:ORD},{name:PHX}
1560.0,{name:AUS},{name:ORD},{name:MCO}
1560.75,{name:SFO},{name:DEN},{name:SEA}
1563.0,{name:CMH},{name:DEN},{name:SAN}
1565.25,{name:SNA},{name:ORD},{name:CVG}
1566.0,{name:RSW},{name:ORD},{name:DEN}
1566.0,{name:IAH},{name:SFO},{name:SNA}
1569.75,{name:PDX},{name:ORD},{name:CVG}
1575.75,{name:LAX},{name:ORD},{name:CVG}
1580.25,{name:IAD},{name:ORD},{name:PHX}
1581.0,{name:TPA},{name:ORD},{name:MCO}
1581.0,{name:SEA},{name:ORD},{name:CMH}
1581.75,{name:PDX},{name:SFO},{name:DFW}
1587.0,{name:EWR},{name:FLL},{name:IAH}
1589.25,{name:SFO},{name:ORD},{name:IND}
1590.0,{name:SNA},{name:ORD},{name:CMH}
1593.0,{name:TUL},{name:IAH},{name:BOS}
1594.5,{name:PDX},{name:ORD},{name:CMH}
1596.75,{name:RSW},{name:ORD},{name:IAH}
1596.75,{name:ORD},{name:PHX},{name:DEN}
1597.5,{name:CMH},{name:DEN},{name:ORD}
1597.5,{name:RNO},{name:SFO},{name:ORD}
1599.0,{name:MCO},{name:IAH},{name:SLC}
1600.5,{name:LAX},{name:ORD},{name:CMH}
1601.25,{name:OKC},{name:DEN},{name:MCO}
1602.0,{name:SMF},{name:ORD},{name:CVG}
1602.75,{name:MCO},{name:IAH},{name:IAD}
1602.75,{name:IAH},{name:LAX},{name:ABQ}
1603.5,{name:DEN},{name:IAD},{name:ORD}
1606.5,{name:BWI},{name:ORD},{name:PHX}
1606.5,{name:PDX},{name:SFO},{name:MCI}
1606.5,{name:LAS},{name:ORD},{name:ROC}
1607.25,{name:CMH},{name:DEN},{name:SMF}
1607.25,{name:EWR},{name:DEN},{name:BIL}
1608.0,{name:TUL},{name:IAH},{name:SFO}
1609.5,{name:SEA},{name:ORD},{name:MSP}
1614.75,{name:PSP},{name:SFO},{name:IAH}
1618.5,{name:SNA},{name:ORD},{name:MSP}
1620.0,{name:PHX},{name:DEN},{name:IAD}
1620.75,{name:LGA},{name:DEN},{name:BIL}
1623.0,{name:PDX},{name:ORD},{name:MSP}
1623.75,{name:BZN},{name:DEN},{name:MCO}
1624.5,{name:IAH},{name:SFO},{name:SAN}
1624.5,{name:MIA},{name:ORD},{name:DEN}
1626.75,{name:SMF},{name:ORD},{name:CMH}
1626.75,{name:MEM},{name:DEN},{name:ATL}
1629.0,{name:LAX},{name:ORD},{name:MSP}
1636.5,{name:ORD},{name:DEN},{name:ATL}
1638.75,{name:CMH},{name:DEN},{name:SJC}
1650.0,{name:SFO},{name:SNA},{name:ORD}
1650.75,{name:CMH},{name:DEN},{name:SFO}
1653.75,{name:LAS},{name:ORD},{name:IAD}
1653.75,{name:ORD},{name:IAH},{name:SLC}
1655.25,{name:SMF},{name:ORD},{name:MSP}
1655.25,{name:SFO},{name:ORD},{name:CVG}
1655.25,{name:MIA},{name:ORD},{name:IAH}
1656.75,{name:ORD},{name:EWR},{name:IAH}
1657.5,{name:ORD},{name:IAH},{name:IAD}
1660.5,{name:SMF},{name:LAX},{name:ORD}
1661.25,{name:LAS},{name:ORD},{name:CLT}
1661.25,{name:OKC},{name:DEN},{name:LGA}
1661.25,{name:IAH},{name:EWR},{name:ORD}
1662.0,{name:PIT},{name:ORD},{name:SAN}
1663.5,{name:ORF},{name:IAH},{name:ORD}
1665.0,{name:OMA},{name:ORD},{name:SAN}
1665.0,{name:RSW},{name:ORD},{name:MCO}
1665.75,{name:LAS},{name:ORD},{name:ATL}
1666.5,{name:PHX},{name:SEA},{name:DEN}
1668.0,{name:PIT},{name:ORD},{name:SEA}
1669.5,{name:SEA},{name:ORD},{name:BNA}
1669.5,{name:DEN},{name:SEA},{name:PHX}
1671.0,{name:OMA},{name:ORD},{name:SEA}
1672.5,{name:LAS},{name:ORD},{name:DCA}
1678.5,{name:SNA},{name:ORD},{name:BNA}
1679.25,{name:DEN},{name:LAS},{name:ORD}
1680.0,{name:SFO},{name:ORD},{name:CMH}
1680.75,{name:PIT},{name:ORD},{name:PDX}
1680.75,{name:EWR},{name:ORD},{name:PHX}
1683.0,{name:ORF},{name:IAH},{name:PBI}
1683.0,{name:PDX},{name:ORD},{name:BNA}
1683.75,{name:OMA},{name:ORD},{name:PDX}
1683.75,{name:ORF},{name:ORD},{name:PHX}
1683.75,{name:BZN},{name:DEN},{name:LGA}
1683.75,{name:ORD},{name:LGA},{name:IAH}
1685.25,{name:SGF},{name:ORD},{name:SAN}
1685.25,{name:FLL},{name:IAH},{name:SLC}
1689.0,{name:LAX},{name:ORD},{name:BNA}
1689.0,{name:SJC},{name:DEN},{name:ATL}
1689.0,{name:FLL},{name:IAH},{name:IAD}
1689.0,{name:PHX},{name:DEN},{name:MCO}
1691.25,{name:SGF},{name:ORD},{name:SEA}
1692.75,{name:BWI},{name:IAH},{name:ORD}
1692.75,{name:LGA},{name:ORD},{name:PHX}
1695.0,{name:LAS},{name:ORD},{name:RIC}
1701.0,{name:CMH},{name:DEN},{name:SEA}
1702.5,{name:IAH},{name:SFO},{name:PDX}
1703.25,{name:SFO},{name:DEN},{name:ATL}
1704.0,{name:SGF},{name:ORD},{name:PDX}
1708.5,{name:SFO},{name:ORD},{name:MSP}
1711.5,{name:LAX},{name:SFO},{name:ORD}
1712.25,{name:BWI},{name:IAH},{name:PBI}
1713.75,{name:MCO},{name:IAH},{name:SNA}
1715.25,{name:PDX},{name:SFO},{name:IAH}
1715.25,{name:SMF},{name:ORD},{name:BNA}
1717.5,{name:EWR},{name:DEN},{name:PHX}
1719.75,{name:TUS},{name:LAX},{name:ORD}
1723.5,{name:MIA},{name:ORD},{name:MCO}
1726.5,{name:SFO},{name:IAH},{name:BHM}
1730.25,{name:BDL},{name:ORD},{name:PHX}
1731.0,{name:LGA},{name:DEN},{name:PHX}
1731.75,{name:ORD},{name:SFO},{name:SNA}
1737.0,{name:MCO},{name:IAH},{name:LAX}
1738.5,{name:EWR},{name:DEN},{name:LAS}
1746.75,{name:SEA},{name:DEN},{name:ATL}
1749.0,{name:PHX},{name:DEN},{name:LGA}
1751.25,{name:EWR},{name:DEN},{name:DFW}
1751.25,{name:ROC},{name:ORD},{name:SAN}
1752.0,{name:LGA},{name:DEN},{name:LAS}
1756.5,{name:LAS},{name:ORD},{name:EWR}
1757.25,{name:ROC},{name:ORD},{name:SEA}
1760.25,{name:PIT},{name:ORD},{name:SFO}
1763.25,{name:OMA},{name:ORD},{name:SFO}
1764.0,{name:SEA},{name:ORD},{name:ROC}
1764.75,{name:LGA},{name:DEN},{name:DFW}
1767.75,{name:MCO},{name:IAH},{name:EWR}
1768.5,{name:ORD},{name:IAH},{name:SNA}
1768.5,{name:SFO},{name:ORD},{name:BNA}
1769.25,{name:LAS},{name:ORD},{name:LGA}
1770.0,{name:ROC},{name:ORD},{name:PDX}
1773.0,{name:SNA},{name:ORD},{name:ROC}
1776.0,{name:MSY},{name:ORD},{name:PHX}
1776.0,{name:PSP},{name:SFO},{name:ORD}
1777.5,{name:FAR},{name:ORD},{name:SAN}
1777.5,{name:PDX},{name:ORD},{name:ROC}
1783.5,{name:LAX},{name:ORD},{name:ROC}
1783.5,{name:FAR},{name:ORD},{name:SEA}
1783.5,{name:SGF},{name:ORD},{name:SFO}
1785.0,{name:EWR},{name:DEN},{name:MSP}
1788.75,{name:ORD},{name:PDX},{name:SFO}
1790.25,{name:ORD},{name:SFO},{name:SAN}
1791.0,{name:IAD},{name:LAS},{name:LAX}
1791.0,{name:SFO},{name:PDX},{name:ORD}
1791.75,{name:ORD},{name:IAH},{name:LAX}
1796.25,{name:FAR},{name:ORD},{name:PDX}
1796.25,{name:BOS},{name:ORD},{name:PHX}
1798.5,{name:IAD},{name:ORD},{name:SAN}
1798.5,{name:LGA},{name:DEN},{name:MSP}
1800.0,{name:FLL},{name:IAH},{name:SNA}
1804.5,{name:IAD},{name:ORD},{name:SEA}
1806.75,{name:DEN},{name:MCO},{name:IAD}
1809.75,{name:SMF},{name:ORD},{name:ROC}
1811.25,{name:SEA},{name:ORD},{name:IAD}
1815.75,{name:ORD},{name:EWR},{name:DEN}
1817.25,{name:IAD},{name:ORD},{name:PDX}
1818.0,{name:EWR},{name:IAH},{name:ORD}
1818.75,{name:SEA},{name:ORD},{name:CLT}
1820.25,{name:SNA},{name:ORD},{name:IAD}
1820.25,{name:DEN},{name:ORD},{name:PHX}
1822.5,{name:ORD},{name:IAH},{name:EWR}
1823.25,{name:SEA},{name:ORD},{name:ATL}
1823.25,{name:FLL},{name:IAH},{name:LAX}
1824.75,{name:MEM},{name:DEN},{name:IAD}
1824.75,{name:PDX},{name:ORD},{name:IAD}
1824.75,{name:BWI},{name:ORD},{name:SAN}
1827.75,{name:SNA},{name:ORD},{name:CLT}
1830.0,{name:SEA},{name:ORD},{name:DCA}
1830.75,{name:LAX},{name:ORD},{name:IAD}
1830.75,{name:BWI},{name:ORD},{name:SEA}
1832.25,{name:PDX},{name:ORD},{name:CLT}
1832.25,{name:SNA},{name:ORD},{name:ATL}
1832.25,{name:LGA},{name:IAH},{name:ORD}
1834.5,{name:ORD},{name:DEN},{name:IAD}
1835.25,{name:IAH},{name:EWR},{name:MCO}
1836.75,{name:PDX},{name:ORD},{name:ATL}
1837.5,{name:EWR},{name:IAH},{name:PBI}
1838.25,{name:LAX},{name:ORD},{name:CLT}
1839.0,{name:SNA},{name:ORD},{name:DCA}
1842.0,{name:ORD},{name:LGA},{name:DEN}
1842.75,{name:LAX},{name:ORD},{name:ATL}
1843.5,{name:PDX},{name:ORD},{name:DCA}
1843.5,{name:CMH},{name:DEN},{name:ATL}
1843.5,{name:BWI},{name:ORD},{name:PDX}
1845.0,{name:DEN},{name:LGA},{name:ORD}
1849.5,{name:ROC},{name:ORD},{name:SFO}
1849.5,{name:IAH},{name:ORD},{name:PHX}
1849.5,{name:LAX},{name:ORD},{name:DCA}
1851.75,{name:LGA},{name:IAH},{name:PBI}
1852.5,{name:SEA},{name:ORD},{name:RIC}
1854.0,{name:FLL},{name:IAH},{name:EWR}
1857.0,{name:SMF},{name:ORD},{name:IAD}
1861.5,{name:SNA},{name:ORD},{name:RIC}
1863.0,{name:SFO},{name:ORD},{name:ROC}
1864.5,{name:SMF},{name:ORD},{name:CLT}
1866.0,{name:PDX},{name:ORD},{name:RIC}
1866.75,{name:ORF},{name:IAH},{name:SLC}
1868.25,{name:ORD},{name:SFO},{name:PDX}
1869.0,{name:SMF},{name:ORD},{name:ATL}
1870.5,{name:ORF},{name:IAH},{name:IAD}
1872.0,{name:LAX},{name:ORD},{name:RIC}
1875.75,{name:FAR},{name:ORD},{name:SFO}
1875.75,{name:SMF},{name:ORD},{name:DCA}
1876.5,{name:PDX},{name:SFO},{name:ORD}
1879.5,{name:DEN},{name:MCO},{name:IAH}
1879.5,{name:LAS},{name:ORD},{name:DEN}
1887.0,{name:SJC},{name:DEN},{name:IAD}
1890.75,{name:AUS},{name:ORD},{name:PHX}
1893.75,{name:MEM},{name:DEN},{name:MCO}
1893.75,{name:ABQ},{name:LAX},{name:ORD}
1896.0,{name:BWI},{name:IAH},{name:SLC}
1896.75,{name:IAD},{name:ORD},{name:SFO}
1898.25,{name:SMF},{name:ORD},{name:RIC}
1899.0,{name:EWR},{name:ORD},{name:SAN}
1899.75,{name:BWI},{name:IAH},{name:IAD}
1901.25,{name:SFO},{name:DEN},{name:IAD}
1902.0,{name:ORF},{name:ORD},{name:SAN}
1903.5,{name:ORD},{name:DEN},{name:MCO}
1903.5,{name:DEN},{name:SFO},{name:DFW}
1905.0,{name:EWR},{name:ORD},{name:SEA}
1908.0,{name:ORF},{name:ORD},{name:SEA}
1910.25,{name:SFO},{name:ORD},{name:IAD}
1910.25,{name:LAS},{name:ORD},{name:IAH}
1911.0,{name:LGA},{name:ORD},{name:SAN}
1911.75,{name:TPA},{name:ORD},{name:PHX}
1913.25,{name:EWR},{name:DEN},{name:SAN}
1914.0,{name:SEA},{name:ORD},{name:EWR}
1917.0,{name:LGA},{name:ORD},{name:SEA}
1917.75,{name:SFO},{name:ORD},{name:CLT}
1917.75,{name:EWR},{name:ORD},{name:PDX}
1920.75,{name:ORF},{name:ORD},{name:PDX}
1922.25,{name:SFO},{name:ORD},{name:ATL}
1923.0,{name:SNA},{name:ORD},{name:EWR}
1923.0,{name:BWI},{name:ORD},{name:SFO}
1923.0,{name:MCO},{name:IAH},{name:BOS}
1926.75,{name:SEA},{name:ORD},{name:LGA}
1926.75,{name:LGA},{name:DEN},{name:SAN}
1927.5,{name:PDX},{name:ORD},{name:EWR}
1928.25,{name:DEN},{name:SFO},{name:MCI}
1929.0,{name:SFO},{name:ORD},{name:DCA}
1929.75,{name:LGA},{name:ORD},{name:PDX}
1932.0,{name:IAH},{name:BOS},{name:ORD}
1933.5,{name:LAX},{name:ORD},{name:EWR}
1935.0,{name:IAH},{name:EWR},{name:FLL}
1935.75,{name:SNA},{name:ORD},{name:LGA}
1938.0,{name:MCO},{name:IAH},{name:SFO}
1940.25,{name:PDX},{name:ORD},{name:LGA}
1944.75,{name:SEA},{name:DEN},{name:IAD}
1946.25,{name:LAX},{name:ORD},{name:LGA}
1947.75,{name:EWR},{name:DEN},{name:ORD}
1948.5,{name:BDL},{name:ORD},{name:SAN}
1951.5,{name:SFO},{name:ORD},{name:RIC}
1953.75,{name:MEM},{name:DEN},{name:LGA}
1954.5,{name:BDL},{name:ORD},{name:SEA}
1956.0,{name:SJC},{name:DEN},{name:MCO}
1957.5,{name:EWR},{name:DEN},{name:SMF}
1959.75,{name:SMF},{name:ORD},{name:EWR}
1961.25,{name:LGA},{name:DEN},{name:ORD}
1963.5,{name:ORD},{name:DEN},{name:LGA}
1967.25,{name:BDL},{name:ORD},{name:PDX}
1970.25,{name:SFO},{name:DEN},{name:MCO}
1971.0,{name:LGA},{name:DEN},{name:SMF}
1972.5,{name:SMF},{name:ORD},{name:LGA}
1977.75,{name:ORD},{name:IAH},{name:BOS}
1978.5,{name:LAS},{name:ORD},{name:MCO}
1981.5,{name:ORF},{name:IAH},{name:SNA}
1986.0,{name:ORD},{name:PHX},{name:SEA}
1989.0,{name:EWR},{name:DEN},{name:SJC}
1992.75,{name:ORD},{name:IAH},{name:SFO}
1994.25,{name:MSY},{name:ORD},{name:SAN}
1994.25,{name:RNO},{name:SFO},{name:KOA}
1995.75,{name:RSW},{name:ORD},{name:PHX}
1997.25,{name:EWR},{name:ORD},{name:SFO}
2000.25,{name:MSY},{name:ORD},{name:SEA}
2000.25,{name:ORF},{name:ORD},{name:SFO}
2001.0,{name:EWR},{name:DEN},{name:SFO}
2002.5,{name:LGA},{name:DEN},{name:SJC}
2004.75,{name:ORF},{name:IAH},{name:LAX}
2009.25,{name:FLL},{name:IAH},{name:BOS}
2009.25,{name:LGA},{name:ORD},{name:SFO}
2010.75,{name:BWI},{name:IAH},{name:SNA}
2013.0,{name:SFO},{name:IAH},{name:ORD}
2013.0,{name:MSY},{name:ORD},{name:PDX}
2013.0,{name:SFO},{name:ORD},{name:EWR}
2013.75,{name:SEA},{name:DEN},{name:MCO}
2014.5,{name:BOS},{name:ORD},{name:SAN}
2014.5,{name:LGA},{name:DEN},{name:SFO}
2016.0,{name:SJC},{name:DEN},{name:LGA}
2020.5,{name:BOS},{name:ORD},{name:SEA}
2021.25,{name:RNO},{name:SFO},{name:HNL}
2021.25,{name:EWR},{name:IAH},{name:SLC}
2024.25,{name:FLL},{name:IAH},{name:SFO}
2025.0,{name:EWR},{name:IAH},{name:IAD}
2025.75,{name:SFO},{name:ORD},{name:LGA}
2028.75,{name:IAH},{name:SFO},{name:DEN}
2030.25,{name:SFO},{name:DEN},{name:LGA}
2032.5,{name:SFO},{name:IAH},{name:PBI}
2033.25,{name:BOS},{name:ORD},{name:PDX}
2034.0,{name:BWI},{name:IAH},{name:LAX}
2035.5,{name:ORF},{name:IAH},{name:EWR}
2035.5,{name:LGA},{name:IAH},{name:SLC}
2037.0,{name:SEA},{name:ORD},{name:DEN}
2037.0,{name:DEN},{name:SFO},{name:IAH}
2038.5,{name:DEN},{name:ORD},{name:SAN}
2039.25,{name:LGA},{name:IAH},{name:IAD}
2041.5,{name:CMH},{name:DEN},{name:IAD}
2044.5,{name:DEN},{name:ORD},{name:SEA}
2046.0,{name:SNA},{name:ORD},{name:DEN}
2046.75,{name:BDL},{name:ORD},{name:SFO}
2050.5,{name:PDX},{name:ORD},{name:DEN}
2050.5,{name:RNO},{name:SFO},{name:IAD}
2051.25,{name:EWR},{name:DEN},{name:SEA}
2054.25,{name:MIA},{name:ORD},{name:PHX}
2056.5,{name:LAX},{name:ORD},{name:DEN}
2057.25,{name:DEN},{name:ORD},{name:PDX}
2064.75,{name:BWI},{name:IAH},{name:EWR}
2064.75,{name:LGA},{name:DEN},{name:SEA}
2067.75,{name:IAH},{name:ORD},{name:SAN}
2067.75,{name:SEA},{name:ORD},{name:IAH}
2069.25,{name:ORD},{name:IAD},{name:LAS}
2071.5,{name:EWR},{name:LAX},{name:FAT}
2073.75,{name:IAH},{name:ORD},{name:SEA}
2073.75,{name:SEA},{name:DEN},{name:LGA}
2076.75,{name:SNA},{name:ORD},{name:IAH}
2081.25,{name:PDX},{name:ORD},{name:IAH}
2082.75,{name:SMF},{name:ORD},{name:DEN}
2086.5,{name:IAH},{name:ORD},{name:PDX}
2087.25,{name:LAX},{name:ORD},{name:IAH}
2088.75,{name:FAT},{name:LAX},{name:EWR}
2092.5,{name:MSY},{name:ORD},{name:SFO}
2098.5,{name:SAN},{name:IAD},{name:BOS}
2101.5,{name:DEN},{name:SMF},{name:ORD}
2108.25,{name:LAX},{name:SFO},{name:KOA}
2109.0,{name:AUS},{name:ORD},{name:SAN}
2109.75,{name:LAS},{name:LAX},{name:EWR}
2110.5,{name:CMH},{name:DEN},{name:MCO}
2112.75,{name:BOS},{name:ORD},{name:SFO}
2113.5,{name:SMF},{name:ORD},{name:IAH}
2115.0,{name:AUS},{name:ORD},{name:SEA}
2124.0,{name:SFO},{name:SAN},{name:IAD}
2127.75,{name:AUS},{name:ORD},{name:PDX}
2130.0,{name:TPA},{name:ORD},{name:SAN}
2135.25,{name:LAX},{name:SFO},{name:HNL}
2136.0,{name:SFO},{name:ORD},{name:DEN}
2136.0,{name:SEA},{name:ORD},{name:MCO}
2136.0,{name:TPA},{name:ORD},{name:SEA}
2136.0,{name:EWR},{name:IAH},{name:SNA}
2136.75,{name:DEN},{name:ORD},{name:SFO}
2145.0,{name:SNA},{name:ORD},{name:MCO}
2145.75,{name:ORD},{name:SEA},{name:DEN}
2148.0,{name:PDX},{name:IAD},{name:BOS}
2148.75,{name:TPA},{name:ORD},{name:PDX}
2149.5,{name:PDX},{name:ORD},{name:MCO}
2149.5,{name:DEN},{name:SEA},{name:ORD}
2150.25,{name:LGA},{name:IAH},{name:SNA}
2152.5,{name:FAT},{name:LAX},{name:HNL}
2155.5,{name:LAX},{name:ORD},{name:MCO}
2159.25,{name:EWR},{name:IAH},{name:LAX}
2159.25,{name:RNO},{name:SFO},{name:EWR}
2164.5,{name:LAX},{name:SFO},{name:IAD}
2166.0,{name:IAH},{name:ORD},{name:SFO}
2166.75,{name:SFO},{name:ORD},{name:IAH}
2170.5,{name:CMH},{name:DEN},{name:LGA}
2171.25,{name:EWR},{name:LAX},{name:SFO}
2172.75,{name:PSP},{name:SFO},{name:KOA}
2173.5,{name:LAS},{name:LAX},{name:HNL}
2173.5,{name:LGA},{name:IAH},{name:LAX}
2174.25,{name:IAD},{name:SFO},{name:SNA}
2181.75,{name:SMF},{name:ORD},{name:MCO}
2190.75,{name:ORF},{name:IAH},{name:BOS}
2191.5,{name:BOS},{name:LAX},{name:FAT}
2193.75,{name:EWR},{name:DEN},{name:ATL}
2194.5,{name:ORD},{name:SFO},{name:DEN}
2196.0,{name:MCO},{name:SFO},{name:SNA}
2198.25,{name:DEN},{name:SFO},{name:ORD}
2198.25,{name:MCO},{name:IAD},{name:LAS}
2199.75,{name:PSP},{name:SFO},{name:HNL}
2204.25,{name:LGA},{name:IAH},{name:EWR}
2205.75,{name:ORF},{name:IAH},{name:SFO}
2207.25,{name:AUS},{name:ORD},{name:SFO}
2207.25,{name:LGA},{name:DEN},{name:ATL}
2211.0,{name:ORD},{name:SEA},{name:PHX}
2211.75,{name:PHX},{name:SEA},{name:ORD}
2211.75,{name:ORD},{name:IAD},{name:SAN}
2214.0,{name:RSW},{name:ORD},{name:SAN}
2216.25,{name:SFO},{name:IAH},{name:SLC}
2217.75,{name:SMF},{name:LAX},{name:EWR}
2220.0,{name:BWI},{name:IAH},{name:BOS}
2220.0,{name:RSW},{name:ORD},{name:SEA}
2220.0,{name:SFO},{name:IAH},{name:IAD}
2226.0,{name:SFO},{name:IAD},{name:BOS}
2228.25,{name:TPA},{name:ORD},{name:SFO}
2229.0,{name:PSP},{name:SFO},{name:IAD}
2230.5,{name:SAN},{name:IAD},{name:ORD}
2232.75,{name:IAD},{name:SFO},{name:SAN}
2232.75,{name:RSW},{name:ORD},{name:PDX}
2235.0,{name:SFO},{name:ORD},{name:MCO}
2235.0,{name:BWI},{name:IAH},{name:SFO}
2241.75,{name:TPA},{name:IAD},{name:LAS}
2244.0,{name:IAD},{name:PDX},{name:SFO}
2251.5,{name:SFO},{name:PDX},{name:IAD}
2254.5,{name:MCO},{name:SFO},{name:SAN}
2261.25,{name:EWR},{name:LAX},{name:TUS}
2271.75,{name:RNO},{name:SFO},{name:BOS}
2272.5,{name:MIA},{name:ORD},{name:SAN}
2273.25,{name:LAX},{name:SFO},{name:EWR}
2273.25,{name:PDX},{name:SFO},{name:KOA}
2277.0,{name:TUS},{name:LAX},{name:EWR}
2277.75,{name:ORD},{name:IAD},{name:PDX}
2278.5,{name:MIA},{name:ORD},{name:SEA}
2280.0,{name:PDX},{name:IAD},{name:ORD}
2281.5,{name:SMF},{name:LAX},{name:HNL}
2287.5,{name:EWR},{name:SFO},{name:SNA}
2291.25,{name:MIA},{name:ORD},{name:PDX}
2291.25,{name:BOS},{name:LAX},{name:SFO}
2300.25,{name:PDX},{name:SFO},{name:HNL}
2309.25,{name:LAS},{name:ORD},{name:PHX}
2310.75,{name:IAD},{name:SFO},{name:PDX}
2312.25,{name:RSW},{name:ORD},{name:SFO}
2329.5,{name:PDX},{name:SFO},{name:IAD}
2331.0,{name:SFO},{name:IAH},{name:SNA}
2332.5,{name:MCO},{name:SFO},{name:PDX}
2337.75,{name:PSP},{name:SFO},{name:EWR}
2340.75,{name:TUS},{name:LAX},{name:HNL}
2340.75,{name:MCO},{name:IAD},{name:SAN}
2344.5,{name:ORD},{name:IAD},{name:SFO}
2345.25,{name:EWR},{name:IAH},{name:BOS}
2346.0,{name:EWR},{name:SFO},{name:SAN}
2349.0,{name:IAH},{name:EWR},{name:DEN}
2352.75,{name:IAD},{name:BOS},{name:LAX}
2354.25,{name:SFO},{name:IAH},{name:LAX}
2358.0,{name:SFO},{name:IAD},{name:ORD}
2359.5,{name:LGA},{name:IAH},{name:BOS}
2360.25,{name:EWR},{name:IAH},{name:SFO}
2369.25,{name:EWR},{name:LAX},{name:SLC}
2370.75,{name:MIA},{name:ORD},{name:SFO}
2374.5,{name:LGA},{name:IAH},{name:SFO}
2376.0,{name:DEN},{name:LGA},{name:IAH}
2381.25,{name:BOS},{name:LAX},{name:TUS}
2384.25,{name:TPA},{name:IAD},{name:SAN}
2385.0,{name:SFO},{name:IAH},{name:EWR}
2385.75,{name:LAX},{name:SFO},{name:BOS}
2391.75,{name:EWR},{name:DEN},{name:IAD}
2394.75,{name:BOS},{name:SFO},{name:SNA}
2402.25,{name:IAH},{name:SNA},{name:ORD}
2405.25,{name:LGA},{name:DEN},{name:IAD}
2406.75,{name:MCO},{name:IAD},{name:PDX}
2421.75,{name:IAH},{name:SFO},{name:DFW}
2424.0,{name:EWR},{name:SFO},{name:PDX}
2427.75,{name:IAD},{name:BOS},{name:SFO}
2436.0,{name:IAH},{name:LAX},{name:ORD}
2436.0,{name:DEN},{name:SAN},{name:IAD}
2437.5,{name:EWR},{name:LAX},{name:ABQ}
2438.25,{name:PDX},{name:SFO},{name:EWR}
2446.5,{name:IAH},{name:SFO},{name:MCI}
2450.25,{name:PSP},{name:SFO},{name:BOS}
2450.25,{name:TPA},{name:IAD},{name:PDX}
2451.0,{name:ABQ},{name:LAX},{name:EWR}
2453.25,{name:BOS},{name:SFO},{name:SAN}
2460.75,{name:EWR},{name:DEN},{name:MCO}
2466.75,{name:SEA},{name:ORD},{name:PHX}
2472.75,{name:ORD},{name:EWR},{name:LAX}
2473.5,{name:MCO},{name:IAD},{name:SFO}
2474.25,{name:LGA},{name:DEN},{name:MCO}
2475.75,{name:SNA},{name:ORD},{name:PHX}
2480.25,{name:PDX},{name:ORD},{name:PHX}
2483.25,{name:LAX},{name:EWR},{name:ORD}
2486.25,{name:LAX},{name:ORD},{name:PHX}
2489.25,{name:BOS},{name:LAX},{name:SLC}
2512.5,{name:SMF},{name:ORD},{name:PHX}
2514.75,{name:ABQ},{name:LAX},{name:HNL}
2517.0,{name:TPA},{name:IAD},{name:SFO}
2520.75,{name:EWR},{name:DEN},{name:LGA}
2527.5,{name:LAS},{name:ORD},{name:SAN}
2531.25,{name:BOS},{name:SFO},{name:PDX}
2533.5,{name:LAS},{name:ORD},{name:SEA}
2540.25,{name:SFO},{name:IAH},{name:BOS}
2540.25,{name:IAH},{name:IAD},{name:LAS}
2546.25,{name:LAS},{name:ORD},{name:PDX}
2550.75,{name:PDX},{name:SFO},{name:BOS}
2557.5,{name:BOS},{name:LAX},{name:ABQ}
2560.5,{name:ORD},{name:EWR},{name:SFO}
2565.75,{name:SFO},{name:ORD},{name:PHX}
2567.25,{name:SFO},{name:EWR},{name:ORD}
2587.5,{name:ORD},{name:SFO},{name:DFW}
2595.0,{name:DEN},{name:SFO},{name:KOA}
2612.25,{name:ORD},{name:SFO},{name:MCI}
2622.0,{name:DEN},{name:SFO},{name:HNL}
2625.75,{name:LAS},{name:ORD},{name:SFO}
2635.5,{name:EWR},{name:MCO},{name:SFO}
2637.0,{name:IAD},{name:SFO},{name:DEN}
2651.25,{name:DEN},{name:SFO},{name:IAD}
2657.25,{name:LAX},{name:EWR},{name:MCO}
2658.75,{name:MCO},{name:SFO},{name:DEN}
2682.75,{name:IAH},{name:IAD},{name:SAN}
2685.0,{name:SEA},{name:ORD},{name:SAN}
2691.0,{name:ORD},{name:MCO},{name:SFO}
2694.0,{name:SNA},{name:ORD},{name:SAN}
2698.5,{name:PDX},{name:ORD},{name:SAN}
2700.0,{name:SNA},{name:ORD},{name:SEA}
2703.75,{name:SEA},{name:ORD},{name:PDX}
2704.5,{name:LAX},{name:ORD},{name:SAN}
2704.5,{name:PDX},{name:ORD},{name:SEA}
2710.5,{name:LAX},{name:ORD},{name:SEA}
2712.75,{name:SNA},{name:ORD},{name:PDX}
2716.5,{name:IAH},{name:SFO},{name:ORD}
2721.0,{name:ORD},{name:SFO},{name:IAH}
2723.25,{name:LAX},{name:ORD},{name:PDX}
2730.75,{name:SMF},{name:ORD},{name:SAN}
2736.75,{name:SMF},{name:ORD},{name:SEA}
2741.25,{name:SFO},{name:EWR},{name:MCO}
2748.0,{name:DEN},{name:IAD},{name:LAS}
2748.75,{name:IAH},{name:IAD},{name:PDX}
2749.5,{name:SMF},{name:ORD},{name:PDX}
2750.25,{name:EWR},{name:SFO},{name:DEN}
2757.0,{name:LAX},{name:EWR},{name:FLL}
2760.0,{name:DEN},{name:SFO},{name:EWR}
2783.25,{name:SEA},{name:ORD},{name:SFO}
2784.0,{name:SFO},{name:ORD},{name:SAN}
2790.0,{name:SFO},{name:ORD},{name:SEA}
2792.25,{name:SNA},{name:ORD},{name:SFO}
2793.0,{name:IAD},{name:LAS},{name:ORD}
2795.25,{name:SFO},{name:BOS},{name:ORD}
2796.75,{name:PDX},{name:ORD},{name:SFO}
2802.75,{name:LAX},{name:ORD},{name:SFO}
2802.75,{name:SFO},{name:ORD},{name:PDX}
2815.5,{name:IAH},{name:IAD},{name:SFO}
2829.0,{name:SMF},{name:ORD},{name:SFO}
2841.0,{name:SFO},{name:EWR},{name:FLL}
2857.5,{name:BOS},{name:SFO},{name:DEN}
2872.5,{name:DEN},{name:SFO},{name:BOS}
2890.5,{name:DEN},{name:IAD},{name:SAN}
2956.5,{name:DEN},{name:IAD},{name:PDX}
2993.25,{name:IAH},{name:LAX},{name:EWR}
3006.0,{name:IAH},{name:EWR},{name:LAX}
3012.0,{name:LAX},{name:EWR},{name:IAH}
3023.25,{name:DEN},{name:IAD},{name:SFO}
3030.0,{name:IAD},{name:SFO},{name:DFW}
3051.75,{name:MCO},{name:SFO},{name:DFW}
3054.75,{name:IAD},{name:SFO},{name:MCI}
3057.0,{name:IAH},{name:LAX},{name:HNL}
3076.5,{name:MCO},{name:SFO},{name:MCI}
3093.75,{name:IAH},{name:EWR},{name:SFO}
3096.0,{name:SFO},{name:EWR},{name:IAH}
3109.5,{name:ORD},{name:SAN},{name:IAD}
3113.25,{name:IAH},{name:SFO},{name:KOA}
3114.0,{name:DEN},{name:MCO},{name:SFO}
3140.25,{name:IAH},{name:SFO},{name:HNL}
3140.25,{name:AUS},{name:IAH},{name:HNL}
3143.25,{name:EWR},{name:SFO},{name:DFW}
3163.5,{name:IAD},{name:SFO},{name:IAH}
3168.0,{name:EWR},{name:SFO},{name:MCI}
3169.5,{name:IAH},{name:SFO},{name:IAD}
3171.0,{name:LAX},{name:EWR},{name:DEN}
3172.5,{name:IAD},{name:PDX},{name:ORD}
3177.75,{name:ORD},{name:PDX},{name:IAD}
3185.25,{name:MCO},{name:SFO},{name:IAH}
3188.25,{name:CRP},{name:IAH},{name:HNL}
3201.0,{name:HNL},{name:IAH},{name:SAT}
3206.25,{name:DFW},{name:IAH},{name:HNL}
3250.5,{name:BOS},{name:SFO},{name:DFW}
3255.0,{name:SFO},{name:EWR},{name:DEN}
3270.75,{name:EWR},{name:LAX},{name:ORD}
3275.25,{name:BOS},{name:SFO},{name:MCI}
3276.75,{name:EWR},{name:SFO},{name:IAH}
3278.25,{name:IAH},{name:SFO},{name:EWR}
3278.25,{name:MFE},{name:IAH},{name:HNL}
3279.0,{name:ORD},{name:SFO},{name:KOA}
3281.25,{name:IAH},{name:BOS},{name:LAX}
3306.0,{name:ORD},{name:SFO},{name:HNL}
3324.75,{name:IAD},{name:SFO},{name:ORD}
3335.25,{name:ORD},{name:SFO},{name:IAD}
3346.5,{name:MCO},{name:SFO},{name:ORD}
3356.25,{name:IAH},{name:BOS},{name:SFO}
3365.25,{name:TUL},{name:IAH},{name:HNL}
3375.0,{name:SAN},{name:IAD},{name:LAS}
3384.0,{name:BOS},{name:SFO},{name:IAH}
3390.75,{name:IAH},{name:SFO},{name:BOS}
3390.75,{name:BOS},{name:LAX},{name:ORD}
3424.5,{name:PDX},{name:IAD},{name:LAS}
3438.0,{name:EWR},{name:SFO},{name:ORD}
3444.0,{name:ORD},{name:SFO},{name:EWR}
3492.0,{name:HNL},{name:IAH},{name:BHM}
3502.5,{name:SFO},{name:IAD},{name:LAS}
3545.25,{name:BOS},{name:SFO},{name:ORD}
3556.5,{name:ORD},{name:SFO},{name:BOS}
3567.0,{name:PDX},{name:IAD},{name:SAN}
3583.5,{name:SAN},{name:IAD},{name:PDX}
3645.0,{name:SFO},{name:IAD},{name:SAN}
3650.25,{name:SAN},{name:IAD},{name:SFO}
3695.25,{name:MCO},{name:IAH},{name:HNL}
3699.75,{name:PDX},{name:IAD},{name:SFO}
3711.0,{name:SFO},{name:IAD},{name:PDX}
3721.5,{name:IAD},{name:SFO},{name:KOA}
3743.25,{name:MCO},{name:SFO},{name:KOA}
3748.5,{name:IAD},{name:SFO},{name:HNL}
3750.0,{name:ORD},{name:IAH},{name:HNL}
3770.25,{name:MCO},{name:SFO},{name:HNL}
3778.5,{name:HNL},{name:IAH},{name:ORD}
3781.5,{name:FLL},{name:IAH},{name:HNL}
3798.0,{name:HNL},{name:IAH},{name:PBI}
3799.5,{name:MCO},{name:SFO},{name:IAD}
3834.75,{name:EWR},{name:SFO},{name:KOA}
3861.75,{name:EWR},{name:SFO},{name:HNL}
3886.5,{name:IAD},{name:SFO},{name:EWR}
3891.0,{name:EWR},{name:SFO},{name:IAD}
3891.75,{name:EWR},{name:LAX},{name:HNL}
3908.25,{name:MCO},{name:SFO},{name:EWR}
3912.0,{name:SFO},{name:EWR},{name:LAX}
3915.75,{name:LAX},{name:EWR},{name:SFO}
3942.0,{name:BOS},{name:SFO},{name:KOA}
3948.0,{name:BOS},{name:LAX},{name:EWR}
3963.0,{name:ORF},{name:IAH},{name:HNL}
3969.0,{name:BOS},{name:SFO},{name:HNL}
3981.75,{name:HNL},{name:IAH},{name:SLC}
3985.5,{name:HNL},{name:IAH},{name:IAD}
3992.25,{name:BWI},{name:IAH},{name:HNL}
3998.25,{name:BOS},{name:SFO},{name:IAD}
3999.0,{name:IAD},{name:SFO},{name:BOS}
4011.75,{name:BOS},{name:LAX},{name:HNL}
4020.75,{name:MCO},{name:SFO},{name:BOS}
4096.5,{name:HNL},{name:IAH},{name:SNA}
4107.0,{name:BOS},{name:SFO},{name:EWR}
4112.25,{name:EWR},{name:SFO},{name:BOS}
4117.5,{name:EWR},{name:IAH},{name:HNL}
4119.75,{name:HNL},{name:IAH},{name:LAX}
4131.75,{name:LGA},{name:IAH},{name:HNL}
4144.5,{name:SFO},{name:BOS},{name:LAX}
4150.5,{name:HNL},{name:IAH},{name:EWR}
4305.75,{name:HNL},{name:IAH},{name:BOS}
4312.5,{name:SFO},{name:IAH},{name:HNL}
4320.75,{name:HNL},{name:IAH},{name:SFO}
4424.25,{name:ORD},{name:EWR},{name:HNL}
4433.25,{name:HNL},{name:EWR},{name:ORD}
4607.25,{name:HNL},{name:EWR},{name:MCO}
4707.0,{name:HNL},{name:EWR},{name:FLL}
4918.5,{name:SFO},{name:HNL},{name:IAH}
4957.5,{name:IAH},{name:EWR},{name:HNL}
4962.0,{name:HNL},{name:EWR},{name:IAH}
5036.25,{name:LAX},{name:HNL},{name:IAH}
5121.0,{name:HNL},{name:EWR},{name:DEN}
5742.0,{name:SFO},{name:HNL},{name:EWR}
5778.0,{name:HNL},{name:EWR},{name:LAX}
5779.5,{name:LAX},{name:EWR},{name:HNL}
5859.75,{name:LAX},{name:HNL},{name:EWR}
5863.5,{name:SFO},{name:EWR},{name:HNL}
5865.75,{name:HNL},{name:EWR},{name:SFO}
6901.5,{name:IAH},{name:HNL},{name:EWR}
6906.0,{name:EWR},{name:HNL},{name:IAH}